id,pred
36,0.902863
2157,1.0049604
9385,0.87729454
14434,1.0028646
9462,0.9057126
5773,0.90118635
11975,0.89238405
10047,1.018708
9595,0.87117624
12085,0.8998443
10423,0.86731935
5353,0.9078082
1967,0.8965757
7192,0.8849238
13483,1.0024456
8158,0.9095694
1482,0.9020246
5833,0.8998444
5276,0.89322245
12541,1.0120015
14694,0.9036168
11505,1.0199654
3948,0.9020246
12175,1.0099903
108,1.0140973
2520,1.0333785
11334,0.9031975
9535,0.89322233
9788,0.8969947
3217,0.9045396
9102,0.905797
8059,0.8844203
2340,1.029187
5727,1.0158584
13074,0.8981677
13058,1.0024455
12524,1.0094867
13919,0.8916302
1135,0.8978332
2266,0.8965757
13837,1.0174505
312,0.91325724
5129,0.8928032
333,0.99297404
9710,0.89112663
4895,1.005045
12948,0.90738916
9748,0.90026355
10713,1.0030336
11130,0.909904
7685,0.9816568
14382,1.0125052
1622,1.0233186
9747,0.88333166
6176,0.9031975
8001,0.9061316
3843,0.90118635
5369,0.89615655
4013,0.9111614
7189,0.90738916
6627,1.0046257
1531,1.0146011
7872,0.89028823
7822,0.89238405
7939,0.9157722
11694,0.91409564
12404,0.89942515
11477,0.8995098
10036,0.90613174
8673,1.0237379
13663,1.0233186
158,0.9107423
12270,0.91116154
4775,0.8844203
10732,0.8665656
12761,0.9007672
11443,0.89909065
14024,0.9048741
1456,0.9027784
15040,1.0145165
1777,0.9090656
5176,1.0153549
10217,1.0115825
14211,0.89406073
11805,0.92499363
1332,0.90118635
2539,0.9090657
12008,1.0003498
219,0.9028629
3415,0.8969103
9014,0.8906231
2606,0.8969948
3913,1.015774
1811,0.9996804
500,0.90152097
14528,1.0088174
3045,0.9086466
4740,1.0166123
13532,1.0052952
5973,0.99615824
1524,1.023403
6710,0.89657557
10824,0.902863
2242,0.9016055
13571,0.90655077
14078,0.8915459
14089,0.87729454
4511,0.90445507
14168,0.9086466
9406,0.87997866
513,1.0166122
3346,1.0233188
8857,0.9187064
2470,0.9978349
3497,0.87821734
13452,1.0287678
5450,0.90822744
5340,0.8999288
10909,0.90328205
12419,0.90319765
1393,0.9023595
14390,0.9027784
2721,0.8886119
2093,1.0188771
8024,1.0157739
8759,1.003703
6275,0.9011018
6465,1.029606
4041,1.007979
10700,1.029606
11312,1.0216422
5533,0.8919649
4905,1.0087328
3094,0.89037275
8732,0.90822744
13789,0.8866005
4064,0.909904
7358,0.8937261
8580,1.0044569
926,1.0312827
13516,0.8957373
11615,0.91116154
1630,1.0049605
6996,0.8777982
3308,1.001188
6713,0.87939036
9983,0.91325736
11869,0.89657557
8366,1.032121
13751,0.9069699
1832,0.91241884
14756,0.90529335
10385,1.0228996
12411,0.9907093
8478,0.9107423
6267,0.9090657
11803,0.90026355
3744,1.0047102
10541,0.89322245
5642,0.88492393
12459,0.9090657
2660,0.9090657
8975,0.89825225
193,0.90445495
11779,0.90906584
5337,0.9086466
12817,0.9107425
6310,0.90655077
10836,0.89657557
9078,1.0120015
6272,0.88316286
14614,0.8937261
11290,0.99917686
9887,0.90152097
8737,0.90906584
12187,1.0111632
11445,1.0137628
4131,1.013259
4753,0.90361667
4485,1.0090674
7134,0.9154377
7865,0.9099885
10276,1.0204692
8160,1.0203847
466,0.89406073
10688,0.9995116
14681,0.8824935
14860,1.0199655
392,0.9078083
7028,0.8807323
13586,0.9065509
10890,0.902863
3362,0.9006827
14593,0.9111614
3981,1.0095711
2860,0.89833677
11826,0.9965774
5633,0.9011018
5202,0.89406073
7501,0.90487444
3597,0.9048742
12210,1.0032839
2685,0.90948486
881,0.8999288
11122,1.0074755
490,0.8910421
2929,0.90822756
14696,1.0178698
11871,0.88022876
14934,0.9070544
10955,1.0233186
14962,1.0133436
10083,0.9065509
5673,1.0220611
83,0.9975002
7556,0.9086466
13273,1.0006845
10149,1.0115824
11095,0.89825225
1580,1.0228997
5083,0.90026355
6351,1.0032839
3331,0.90948486
12975,0.998423
6704,1.0195464
1113,0.9036168
8619,0.98635197
11920,1.0092366
10263,0.89406073
13812,0.89196503
6065,1.0208038
11247,0.9086466
8377,1.0233189
2074,0.884001
14723,0.91241884
7992,0.89322233
8808,0.90613186
2962,0.9166105
1657,0.90948486
13560,0.9015211
3021,0.90202475
9941,0.9111614
10034,1.0175351
9457,0.89238405
14097,1.0016073
13754,1.0237379
13772,0.9995115
4262,0.9086466
5189,0.9157722
5570,0.88316274
3436,1.0212231
928,0.91409564
1405,0.90697
13207,0.8923842
15083,0.8789711
13003,0.90152097
4221,0.8969102
1499,0.9074737
8596,0.89414525
13164,0.8990905
1339,0.9866867
3959,0.8849238
2681,0.8995098
13815,0.99531996
5676,1.000015
3574,1.0003498
6393,0.8986714
10186,0.8895345
14989,0.89942515
3782,1.029606
6459,0.9078083
9152,0.8806478
11400,1.0329591
2131,0.89732933
14297,0.9111614
406,1.0033684
10708,0.8943955
13573,1.0007688
4878,1.0045414
6334,0.90822744
3429,1.0136782
260,0.90529335
13596,0.8915458
5822,1.0191272
3945,0.91451466
939,1.029606
10703,0.90738916
7089,1.0132592
3477,1.0032839
10673,1.0203847
11878,0.89238405
12956,1.0032839
6104,0.91032314
11058,1.0037031
2223,0.90319765
3330,0.89498365
13253,1.0175351
669,0.8837509
6371,0.8605318
14171,0.8969948
14413,0.8765408
13262,1.014182
2615,0.8907075
995,0.9006828
10850,0.87939036
2851,0.9070544
1629,0.89246845
7835,0.9107424
2145,0.9090657
986,0.88316274
7306,0.8816551
11757,1.0237379
9695,0.99439716
5442,0.90990424
2944,0.8903729
2100,0.9048742
13248,1.0216421
12555,0.9145148
10544,0.89414525
1577,1.003703
12799,1.0092366
11618,0.88517416
14678,1.0216421
3607,0.8969948
14227,0.90445507
14038,0.89732945
6453,0.8874388
9587,0.9065509
6649,0.9048742
5279,1.0174507
2998,1.0179542
13283,0.879894
13485,0.92122126
9960,1.0100747
4168,0.9044552
10669,0.8699187
5304,0.99531996
2115,1.015774
2534,0.87821734
6361,0.8937261
9021,1.023738
1002,0.90445507
12908,0.9128381
1009,0.8999289
3049,1.0041223
1081,0.8639662
6842,0.8986714
7592,1.0028648
4436,0.90235925
9583,1.0153549
4901,0.91032314
13597,0.909904
12886,0.9965774
2940,0.87914026
1262,0.9057125
13643,0.90822744
7221,1.0150203
2768,0.9090657
416,0.8928877
9092,0.909485
10993,0.9031975
3779,1.0090674
9031,1.0233186
5602,0.9044552
8210,0.89406073
12432,1.0002654
8045,0.8965757
652,1.0203846
7640,1.0112478
3469,1.0099903
4263,1.0170314
2060,1.0174505
10832,0.9082273
4099,0.9028629
2118,0.8895345
3620,0.90613174
6287,0.89950967
5953,0.89816785
1879,0.9099885
118,0.9090657
10449,0.89406073
6664,0.9031975
12362,1.0087329
8831,0.8928033
11933,1.0249956
14306,1.015774
1653,0.9107423
6410,1.0199654
13620,0.8848393
9262,1.0166968
7256,0.9036168
11376,0.9090657
12251,1.0287677
14294,1.0109133
2346,0.9840028
6375,0.9020246
15042,0.90822744
9290,0.89741385
11836,0.8895346
9395,0.90152097
1694,0.91241896
13773,1.0220612
1536,0.90445507
11644,0.8826592
12589,1.0141817
8241,1.0175351
4487,1.0057987
13077,1.0325401
3540,0.90655077
417,1.0228995
8370,0.87914014
6009,0.8977486
12075,0.89741397
2293,0.8869351
14000,0.9078082
12414,0.88584673
7895,1.0325401
13933,1.0208037
8150,0.9086466
1304,1.0166122
9083,0.9115807
512,0.9128381
11704,1.014601
2654,1.0087328
11397,0.9040359
12331,0.9086466
781,1.0115824
6279,0.8937261
10265,0.91241896
14256,0.9078083
12685,1.0074754
4188,1.0087329
5834,1.0115826
10452,0.91241896
9558,1.0133436
7797,1.006218
7456,1.0133435
3525,0.8878579
10770,0.88643146
1710,1.0096557
10237,0.8928032
8931,0.90948486
6834,0.8928032
4106,0.8939762
1621,1.0162776
7976,0.9995959
4182,0.8824935
3468,0.9078082
1859,0.9107423
9974,0.9978349
1472,0.91032314
503,1.0112479
8557,1.0199654
7709,0.90034807
8346,1.018708
33,1.029606
1398,1.0129243
7110,1.0120016
65,0.91409564
11861,0.8977486
1955,0.9019402
2217,1.0141819
11510,0.90738916
11828,1.0045413
4745,1.0279293
6855,0.8969947
11488,0.8986714
13692,0.88701963
13746,1.0046257
3466,1.0228997
14025,0.90445507
1297,1.0082293
3480,0.9099041
13490,0.90152097
3825,0.8816551
5413,1.0233186
7601,0.877548
5762,0.8936416
2240,1.0111632
12882,0.9057126
2881,1.0057988
5908,1.0129243
2500,1.0028647
10338,0.88693523
1618,1.0195464
7037,0.91158056
1970,1.004291
11792,1.0233189
85,0.9987577
13347,0.8977486
1157,1.0129243
9272,0.9082273
1308,0.90948486
13547,0.90655077
8200,0.8981677
12348,0.9876094
7279,0.88115144
5321,0.89950967
812,0.90655077
3137,1.0132592
11358,1.026672
9148,1.0115826
1356,1.0228996
2142,1.014182
11678,1.0073909
13832,0.90822744
9463,0.9972501
5433,0.90110195
8934,0.90118635
4675,1.0291868
7297,0.99615824
6468,0.89523375
135,0.89028835
6193,0.8886118
12757,0.91116154
11692,0.88022876
3993,0.8986715
11922,0.8944799
14379,0.90152097
11226,0.9057126
3081,0.8903729
7046,0.89825225
10647,0.90026355
1365,0.9119998
8807,0.9107424
10717,0.8948145
14853,0.90747356
2595,0.8699187
5888,1.0208038
10656,0.9972501
10881,0.9057125
5891,1.0150201
6870,1.0007688
1752,0.8835819
4308,0.89196503
7198,0.89825225
4124,0.8990905
6738,0.9061316
3386,1.014182
4995,1.0074753
6544,0.89397633
3713,1.012086
12947,0.9795611
11565,1.0262529
6914,0.90235925
14904,0.89732945
12767,1.0074753
9940,0.89322245
4206,1.0233188
5229,1.0104095
9072,0.89322233
6706,0.8944799
14369,1.0208037
8226,0.9119998
3191,0.99129736
4864,1.0258337
7632,0.9119998
1045,0.909904
10369,0.91912544
3085,0.9086466
10882,0.9920511
11203,0.9078082
2601,0.91325736
12694,0.9136765
4438,0.91158056
4970,0.8766252
1089,0.89657557
1442,0.8948146
14516,0.88400114
13127,0.9070544
9360,0.8958219
14837,0.8866005
10666,1.0258337
12250,1.0275104
8965,0.88349736
6268,0.89229965
13817,0.9078082
14996,0.8720145
6867,1.0166123
13845,0.909904
5082,0.9965774
4056,0.9040359
13161,1.0124209
550,0.9007672
14088,0.9178679
7290,0.9119998
2058,0.90445507
4868,1.006218
11199,0.89540267
708,1.0044569
15022,0.89355695
1573,1.0195464
13998,1.013259
9820,0.9041203
7878,0.8998443
12884,0.90613174
3946,1.0195464
4059,0.8895345
8549,1.0149357
4657,0.8990905
4986,0.89531815
989,1.0233188
1092,1.009152
3762,1.0199655
207,0.8981677
1899,0.9027784
11327,1.0133435
2103,0.8789712
6014,1.0111635
13656,1.0070561
2001,1.0140973
2465,1.0153549
12746,0.9082273
1191,1.0346358
10802,1.0182889
7085,0.89624095
12514,0.9048742
11278,0.8986715
11917,1.0258335
2964,0.89741385
4735,1.0145165
12015,1.0233188
9100,0.99741554
7111,1.0099903
13737,0.9915476
4783,1.0228995
12763,0.8849238
3279,0.9019402
1429,0.9103234
14921,1.0287678
6454,0.87821734
3461,0.8798095
2755,0.8969947
529,1.0233188
6081,1.0270914
1628,1.0104094
7967,0.89657557
1538,1.0220612
4826,0.90948486
12962,0.85734415
9614,0.88726974
13424,0.9149339
10929,1.0203847
7374,0.88333166
2170,0.89313793
3006,0.90034795
5007,0.87939036
8296,0.89313805
11212,0.8794749
4524,1.0228999
12430,1.0028647
9301,0.8916304
13251,0.89246845
14597,1.0099903
155,1.0154394
1318,1.0099058
13427,0.8845892
976,0.88022876
15051,0.9995116
10405,1.0195464
8785,0.88517416
11713,0.92247856
8914,0.89741385
4858,0.91619134
7902,0.90822744
8529,0.8824934
3351,0.90202475
3841,0.909904
12344,1.0071406
10107,1.0175352
6808,1.0078945
2369,0.909904
9861,1.0133435
14699,1.0024456
3026,0.89624095
5956,1.0258336
11449,1.0166968
14961,0.89028835
3887,1.0279294
6023,1.0195463
925,0.8981677
14040,0.9011018
13220,1.004876
8323,0.9996804
11055,1.026672
9520,1.0270911
10809,0.90537786
2879,1.0279293
4133,1.0203847
7247,1.0140973
14600,0.92205954
10218,0.998423
2099,0.90655077
9091,1.0191271
10607,1.0224805
14174,0.90529335
4005,0.9019402
11864,1.0133435
7564,0.89950967
7006,0.88609695
771,1.0212231
10546,1.0145165
8171,0.8960719
7355,0.9136765
13184,0.90445507
6378,0.8956531
1419,0.8837509
1908,0.9878596
9074,1.0150201
6783,0.9979193
12001,0.9086466
6577,0.8915458
4385,0.89540267
7770,0.9157722
12074,0.90487444
1533,1.0312827
14534,0.91116154
11473,0.9915476
3725,1.0016072
11179,0.89229965
5859,0.9045396
643,0.90738916
14945,1.0007689
7040,0.9119998
10803,0.90738916
14964,0.90822756
5748,0.9107423
3056,0.90822744
11503,0.8865161
9594,0.89707935
13904,0.90655077
13265,0.9795611
14521,0.9027785
1311,0.9128381
9651,0.8605318
8147,0.8957373
7619,0.9090657
8417,0.9999306
5971,1.014601
171,0.8936416
397,0.8936416
13134,1.000015
9987,0.9061316
9161,0.909904
13196,0.89439535
2650,0.8928877
1880,1.0182889
11388,1.0149356
9364,0.91702974
4643,1.014601
5790,0.8795593
13708,0.9061316
7587,0.9816568
9955,0.8870195
14119,0.8886963
279,1.0162776
1344,0.99129736
8288,1.018708
8612,0.9145148
13534,1.0129243
2838,1.021223
10512,0.90244365
10164,1.0041221
3432,0.9028629
4843,1.014601
11395,0.99029005
2692,1.0233189
3420,1.0099058
4452,1.0141819
7479,0.8877734
5259,0.9978348
4014,0.8860123
14633,1.0199654
2672,1.0103248
8979,0.9024439
6443,0.89406073
14660,0.8765408
10256,1.0129244
13418,1.0071406
3401,0.92122126
5934,1.0224804
1961,0.8856777
2522,1.0228996
12129,0.87914026
4398,0.9061316
9860,1.0237379
13173,0.90738916
4190,0.9995116
9303,1.0199654
10787,0.90697
6451,0.9086467
1750,0.9149339
13126,0.867823
7959,0.8986715
4184,0.9828298
10312,0.9031975
12537,0.8785521
11027,1.0125052
7826,0.90697
7925,0.91116154
11847,1.0111632
10628,0.90822744
7929,0.8944799
4586,1.0216421
4848,0.9070544
10967,0.90453947
12393,0.89615643
12114,1.0107441
634,0.88609684
13182,1.0103248
2096,0.89112675
5031,0.8889463
10311,1.021223
35,0.9087311
6178,0.9024439
5222,1.026672
8754,1.0283486
80,0.91451466
7194,0.90529335
1612,0.9011018
5398,0.9115807
13680,1.0100747
1292,0.8866005
9862,1.0057988
5846,0.8928877
2604,1.0024456
14543,0.8969103
5267,0.90948486
27,1.0090674
50,0.8868507
3490,0.9078083
11538,0.8969102
10030,0.9876094
8253,0.8969948
13241,1.0283486
6746,0.99129736
12108,1.0052952
10300,0.97998023
14834,0.9145148
11995,0.91828716
3260,0.9016055
7534,0.8803977
5414,1.0082293
2541,0.9065509
9798,0.87645626
14915,0.909904
1027,0.90361667
1459,0.90244377
13911,0.89657557
11225,1.0178698
4683,0.9995115
2817,0.89531827
3409,0.90152097
7990,0.8730185
14061,0.98635197
14203,0.9057126
8959,0.90613186
14087,0.89406073
10602,1.0145165
8322,1.0157739
5739,1.0178698
5390,1.0208037
14965,0.88618135
7581,0.88819253
13453,1.0063024
1056,1.0224805
5875,1.0249956
8291,1.0158585
11162,0.99205136
7837,0.9166105
3209,1.0146011
3051,1.0028647
10976,1.0258336
4736,0.88726985
10523,1.0112476
9563,1.0133436
7778,0.90152097
829,1.021223
10538,0.89439535
1744,0.8957373
2175,0.8974141
421,1.0078945
8751,1.0007689
14293,0.8877734
4909,0.91619134
13055,0.8970792
2232,0.9065509
965,1.0208038
10431,1.0140973
12914,0.8824934
5086,0.87704456
6573,1.0213073
7991,0.90026355
11860,1.0095712
2837,0.9128381
2085,0.9933932
6563,1.0199654
3898,0.99506986
5765,1.0162777
4645,0.99699664
2727,1.0170314
10558,0.9057126
14747,1.0224806
13554,0.8898692
14015,0.90948486
10834,0.89112675
9233,1.0245762
13893,0.91325736
8830,0.87436056
2845,1.0317018
8949,0.89615655
6034,0.8990905
7338,0.8919649
6213,0.90822744
11841,0.90529335
9560,1.0182889
6124,1.01284
10208,0.8787211
8465,0.8939762
9892,0.9036168
11123,0.8766252
5760,0.8981677
5008,1.003703
10898,1.0153549
8153,0.90244377
10144,0.9007673
4759,0.8939761
737,1.0032839
12341,0.87729454
11594,0.8898692
8896,1.0300251
9030,1.0120015
4459,1.0178697
10202,0.9006827
6841,1.0258336
9532,0.9048741
10653,1.0045414
6724,0.86530817
2640,0.8936415
5751,0.90152097
12355,1.0099058
7948,0.89741397
8605,0.90235925
13236,0.8824934
9246,0.8956529
7245,0.90118635
12847,0.9078083
4662,0.90118635
1213,1.016193
7284,1.0150203
2536,1.0158585
1407,1.023403
5475,0.8807323
7482,0.882828
8938,0.91325724
8911,1.0199655
6113,0.9037012
10046,0.89909065
14936,0.9157722
5266,1.0228995
10662,1.0066371
11248,1.0157739
10938,1.0041223
9261,0.9061316
8182,1.0032839
6028,1.0032839
258,1.0262529
14329,0.9090656
4411,0.88316286
12278,0.9933932
14842,0.90244377
10151,0.89146125
4073,0.9099041
10254,1.0049604
4283,0.91535306
9805,0.90445507
3,0.99129736
7667,0.88609684
7650,0.88316274
13480,0.89825237
11342,0.9065509
3764,0.8978331
6963,0.9115807
4804,0.9119998
15032,0.8915458
12227,0.9187064
3417,0.9006828
1979,0.90697
2711,0.9107424
5688,0.9048742
2413,0.89942527
10376,0.91828716
9278,0.8886963
9832,0.9007672
12811,0.9006827
6913,1.0175351
2487,1.0041224
568,0.89909065
11606,1.0199655
12797,1.0270914
6898,1.0124208
11697,1.0329591
11750,1.0199654
545,0.8886963
5935,0.89657557
6686,0.8857621
3325,0.90738916
7944,0.9016055
1818,0.9011018
574,0.9078082
7807,1.0280141
940,0.91409564
13678,0.9070544
4975,0.8977486
5191,0.89204955
1200,0.8998443
142,1.0115824
5016,0.88115144
11025,1.0199654
13183,0.89942527
2342,0.8798095
10110,0.9065509
10037,0.88651586
5471,0.8898691
6731,0.91116154
13313,1.0249956
6676,1.0036185
1008,0.8895345
11230,0.9086466
549,1.0182889
851,0.90655077
3876,0.8639662
1444,0.8907075
1706,1.0070561
14975,0.89196503
10135,0.88584673
2712,1.0162776
1136,1.0258337
11720,0.9119998
2816,0.90697014
10827,1.0140973
11315,1.0182889
9785,0.89825225
5799,0.9107423
4599,0.89406073
11790,0.9078083
1476,1.0133435
1068,0.9136764
3070,1.0003498
11774,0.8915459
1507,0.8939761
3832,1.0216422
13398,0.86530817
8525,0.89028835
5940,0.90915024
893,0.8957373
10988,0.8939762
1417,0.8944799
1545,0.88819253
13915,0.9048743
14873,0.9119998
4585,0.9090657
12678,1.0145165
2495,0.89322233
5156,1.0141817
1443,0.88316274
2921,1.029606
329,0.88819253
427,1.0104094
14878,0.91241896
3052,1.0128398
8436,0.89196503
5041,0.89624107
9147,1.0061334
11999,0.9086466
8782,0.9086466
10540,0.89607227
4629,1.0228995
1910,1.002111
9066,1.0133436
7617,1.0129243
13632,0.87612164
10443,1.0208038
13526,0.8969948
8314,0.90822756
5088,0.9028629
13822,0.90655077
11729,0.8789712
738,0.9136765
6473,0.9019402
14492,0.89825225
6688,0.90529335
13111,1.0103251
3928,0.9979193
9467,0.8970792
8117,0.99029005
15019,0.91241896
671,0.8998443
14283,0.9048742
13920,0.89028835
11850,0.99448156
4280,0.8916303
13403,1.0224804
1203,0.90747356
5883,0.89741397
804,1.0071408
10458,0.9069699
2496,1.0057988
4659,0.8906231
9474,0.9111614
8863,1.018708
4146,0.90948486
11591,0.9057126
13473,0.9907093
11569,0.8935571
7162,1.0008533
2304,0.90453947
4477,0.8965757
11050,0.88903093
11562,0.91241896
7058,0.91032314
14903,0.91619134
4919,1.0120015
1414,0.89322245
6832,1.0149357
15059,0.8866005
991,0.89909065
13355,0.90034795
14309,1.0073909
6067,0.8903729
1996,1.0032839
10137,0.8579323
2752,0.9965774
598,1.0129243
8,0.88726974
13009,0.8807323
10786,0.89657557
14674,1.0287677
4980,1.0070562
1952,0.89909065
5634,0.874614
7958,1.0237379
2979,0.90697
7528,0.90822744
6262,1.0124208
6656,1.0145165
14797,0.88726985
723,0.90244365
11549,0.90319765
11239,1.0069718
13036,0.88400114
14442,0.9119998
8341,1.0249954
3479,1.0233188
11008,0.9987576
8742,0.9115807
3985,1.0283486
4729,1.0174506
9036,0.9048741
960,0.89531815
9654,1.0046258
3662,1.0074755
404,0.9107424
12435,1.015774
6055,0.8877735
13948,0.90738916
11584,0.9090657
816,0.89112675
12754,0.9069699
5405,0.8928033
11712,0.89112675
10730,0.8943955
12930,0.8886118
6253,0.9040359
14527,1.0203848
6515,0.909485
7361,0.9995959
12523,1.023738
12089,0.9986732
12441,1.0149356
2603,0.8978332
9108,0.9866867
5754,0.99029016
6168,0.88609684
206,0.9107423
11817,0.91116154
8251,1.0074753
8517,1.0203847
12112,0.9087311
12733,1.0317018
2553,1.0120018
9315,1.0258336
3939,0.89028823
12738,0.9086466
14930,1.0161933
7980,1.015774
10855,0.89657557
4884,0.87939036
8047,0.8977486
13317,1.018708
2388,0.90152097
15076,1.0228997
7043,0.8907075
4082,0.90445507
1315,1.0317018
6941,1.0291868
8280,0.9044552
48,0.9057125
168,1.0258336
1440,0.8965757
4071,0.90948486
7554,1.023319
2525,1.026672
1177,0.9157722
14900,0.8894502
5976,1.0133435
14449,1.0120018
774,0.91325724
3295,1.0067215
10489,0.8935572
13641,0.90697
7966,0.88324714
5210,1.0020263
7409,0.9090657
10394,1.0133435
3642,0.9078082
9761,0.89414525
13163,0.88333166
8389,0.8979175
13668,0.91702974
13963,0.9027784
4516,0.9107423
9838,1.0003498
6076,1.0150201
4639,0.90822744
1698,0.89657557
10747,0.9057126
6181,0.99506986
4313,0.90118635
5734,0.9007673
1743,0.89657557
1471,0.8986714
2632,0.89330685
9780,1.0191271
8816,1.0133436
3250,0.90244377
9466,1.0279294
6504,0.89028835
5394,1.0141817
9346,0.9065509
5937,1.0216421
7213,0.9945662
5835,0.90445507
252,0.9057125
8427,0.9128381
2086,0.89406073
1406,1.0003498
8290,0.8895345
3082,0.91241884
11758,0.9136765
4703,1.0287677
6311,1.0124208
780,0.9020245
1248,1.0224804
1506,1.0099058
14451,0.90738904
8508,0.9119998
10310,0.8995098
13151,0.9119998
7744,0.91619134
9672,0.9979193
8715,0.88324726
5325,0.90529335
6966,1.0195466
3673,0.9027784
3457,0.89238405
8518,1.0179542
11172,0.8986714
7193,0.89741397
7353,1.0199655
3842,1.0137626
12650,0.90906584
2758,0.9027784
5238,0.9007673
7994,1.0087329
8492,1.0258335
3947,0.9187064
13083,1.0346358
7190,0.8877734
7845,0.9048742
11195,0.8944799
6349,0.90948486
1874,1.0191272
3903,0.8845892
1167,0.98635197
3359,1.0203847
9509,1.015774
846,0.90152097
3230,0.89196503
10382,1.0158585
4525,0.88324714
10095,0.90361667
7975,0.909904
10910,1.0125052
6994,1.0150201
8376,0.99439716
4003,0.8928032
9697,1.0208038
8570,0.8924686
3974,0.8915458
4888,0.89406073
12044,1.0074754
6583,0.90738916
8360,1.0228995
1774,0.90948486
1646,0.9073893
9085,0.8844203
7688,0.8995098
7571,0.99439716
14517,1.0032837
1501,0.8999288
3294,0.90235925
646,1.0078944
11521,0.99615824
1909,1.0108286
8662,1.0083137
4492,0.9015211
13364,1.0195463
8167,0.8837509
1487,1.0258337
7476,1.0178697
13935,0.90613174
13617,0.89523375
14374,0.89732945
13092,0.9090657
12921,0.9031975
14606,0.90655077
6729,0.90152097
3869,1.0199655
4431,1.0329591
7267,0.8903729
6978,0.89615655
3892,1.0065526
12643,0.89825225
13790,0.9007672
12561,0.9048742
5411,0.8990905
9639,0.884001
13983,0.89238405
6921,1.0078944
8212,0.8915458
7316,1.0145165
3970,0.9069699
13309,0.9095694
14067,0.8856777
2229,1.0158584
7654,1.0006845
2778,1.0046258
2562,0.89406073
10970,0.8910421
6328,0.90697
7801,0.9840028
10387,0.8869351
13958,0.90118635
11188,0.902863
4867,0.89657557
2504,1.0228996
1903,0.9111614
11076,0.9795611
5038,0.9107425
593,0.92499363
6567,0.9107424
5046,1.0237379
12471,0.8785521
7661,0.90445507
7244,0.9877752
493,0.88936543
12880,1.0191271
10931,1.0120016
680,0.9907937
5432,1.0124209
309,0.9036168
1267,1.0137627
13435,1.0074753
13015,0.8866005
12715,0.89950967
11092,0.9187063
202,0.877548
7076,0.89909065
8674,0.9090657
4892,0.99389684
3305,0.8856777
9886,0.90319765
2188,1.0069718
11098,0.8895345
3376,0.8977486
8053,0.90034807
13671,0.8935571
4693,1.0237379
13463,0.91535306
11965,0.8730185
12055,1.0087328
13020,0.89037275
12102,0.8981677
5617,1.014601
7575,0.9086468
4815,0.9006827
13226,0.89523363
4295,1.0082291
14118,0.89322233
11180,0.8919649
11042,1.0153549
11630,0.91032314
1784,0.9187062
4918,0.8995098
14254,0.8795593
1101,0.86027837
6340,0.884001
11337,0.89540267
13249,0.89531815
175,0.90235925
12781,0.89540267
5294,0.8798096
2796,0.9090657
322,0.90529335
7107,0.909904
12109,0.8969948
10807,1.0287677
14402,1.0191272
6693,1.0032837
5954,0.89825225
10059,1.0074754
4705,1.032121
14150,1.0224806
8433,0.90655077
2989,1.0233186
467,1.0224806
1548,1.0007689
6084,1.0087328
8945,0.99121296
9635,0.9178679
9946,0.8977486
5850,1.0187925
6501,0.8895347
6044,1.0003498
7602,1.0228995
2215,0.8936416
6212,1.0296059
787,1.029187
1517,0.9090657
10815,0.8969947
7766,0.8969103
7069,0.9857639
1041,0.9007672
5640,1.0195466
13736,0.9878596
386,0.9119998
10373,1.013259
10637,1.0203847
1692,0.9049587
14787,0.87436056
11596,0.9157723
14820,1.0233186
215,0.91116154
14457,0.9876094
4637,0.86731935
9577,1.0082291
13123,0.8990061
638,0.90697
10609,1.0050449
7962,0.89112663
8352,1.015774
7498,0.90738916
10866,1.0179542
11517,1.0213075
799,0.9036168
10674,0.9082273
6902,1.0111632
569,0.87704456
14163,0.9086467
13544,1.003703
2478,0.88995373
14278,0.8924686
12231,0.8910421
5741,0.90822744
4049,0.8943955
8956,0.8895346
4974,0.87737906
10764,0.88022876
9548,0.8769599
742,1.032121
14562,0.9024439
571,1.0104094
719,1.0300251
10303,0.9057126
8372,0.906551
14708,0.9115807
14007,0.90655077
12184,0.8939762
4230,0.90152097
7217,1.0120015
9176,0.9086466
10930,0.9086468
7129,0.9154377
10596,0.8768754
483,0.89531815
5928,0.89229965
6651,0.9086466
4536,0.8816551
7458,0.9078083
2502,0.99498534
1112,0.9061316
1436,0.8928033
12088,1.0124208
4779,0.8928033
2287,0.89229965
13838,0.9145148
5131,0.90822744
7050,0.9082273
10948,0.9999306
5136,0.99699664
9035,0.87737906
6218,0.90487444
9340,0.909904
9719,0.9153532
96,0.89825225
452,1.014601
3284,0.8639662
3299,0.90110195
4024,0.89229953
8234,0.90412045
14096,0.9048741
6125,0.8945644
8287,0.8870195
14490,1.0224804
9126,0.89741397
5396,0.9174489
9991,0.8928032
7054,0.91828716
9073,0.9031975
12838,0.9082273
8357,0.8745295
3512,1.003284
8983,1.0150201
10683,0.89397633
5725,0.89414525
12830,0.9020246
14501,0.8999289
14972,1.0120016
5991,0.8856777
7315,0.9111614
12450,0.9987576
2925,1.0125052
2575,1.0070562
69,0.8765408
5195,1.0037031
1599,1.015774
918,0.9145148
9806,0.8757025
402,0.9027785
2386,0.90697
7977,0.9061316
14363,0.9157723
10927,0.9145148
2724,0.8903729
3796,0.9078083
8071,1.0200499
10123,0.91116154
2847,0.909904
11455,1.0203847
6992,1.0050449
5488,1.018708
12958,1.0104096
2932,1.0066371
8523,0.90034795
7701,0.9048742
14120,1.0275103
2403,0.8886119
14367,1.0132589
12037,0.9086466
14116,0.8944799
6040,0.90034807
7827,0.91325736
6607,1.0112479
6496,0.9028629
1005,0.88123596
6525,0.89942515
5289,1.0087328
4742,0.87914014
4427,0.8765408
10177,0.9078083
7954,0.9840028
10819,0.89238405
14709,0.9090657
3677,0.8795593
14205,0.8939762
5817,0.89942515
375,0.9078083
14399,0.9119998
5281,1.0208038
14688,1.0030336
1866,0.90445507
1388,0.9065509
13048,0.9078084
13831,0.9136765
13330,0.9086466
177,0.9086466
4472,0.86731935
13605,0.9107423
11405,0.9011018
5815,0.87729454
10006,0.91116154
5103,0.8979175
10780,1.0129243
10584,1.0237379
3207,0.9090657
8052,0.90026355
4715,0.88911545
8315,0.9099041
3116,1.0007689
13050,1.0199655
6118,1.0111632
4646,0.8789711
3955,0.9086466
13701,1.0007689
8428,1.0178697
8229,1.0249954
878,1.007979
3595,1.0166123
9557,0.89540267
324,1.0137628
2639,0.8986715
9309,1.0095711
11948,1.0088174
7675,0.9036168
8327,1.0199654
7407,0.87821734
3675,0.9011018
8270,0.9090657
4790,0.8978331
2730,1.0028647
4917,0.8789712
13264,1.0182889
10465,1.001188
14079,1.0166123
11116,1.0224805
13354,0.9040358
13614,0.87821734
11284,0.9107424
5540,0.8919649
12190,0.87612164
1021,1.0199654
8810,0.9027784
2481,0.998423
14541,0.99205136
13613,1.0191271
6606,1.005045
10444,0.9016055
10658,1.0203848
253,0.91325724
13765,1.0120016
7570,0.89439535
6600,0.8977486
999,1.0041224
1028,0.9036168
6314,1.0203847
10532,0.9078082
7961,0.89615655
5084,0.9015211
14002,0.8835819
9823,1.003284
8700,1.0325401
12778,1.0304445
3267,0.91032326
11356,0.9057125
412,0.8786365
10381,0.91325724
10289,1.0203847
10418,0.88022864
7378,0.8856777
739,0.8986715
8777,0.90034795
4512,0.89028823
111,1.015774
6951,0.90948486
2144,0.89732945
3691,1.0216421
6873,1.0187925
10206,1.0137627
5152,0.90948486
7156,1.006637
4616,0.99389684
7548,1.0129243
3902,0.8924686
12776,0.8936415
10168,1.0078946
6610,1.0109133
8402,0.88936543
9743,0.8969948
11169,0.9040359
6819,0.90235937
11081,0.8856777
12862,1.0287678
5965,1.0275103
3650,0.9048742
6107,0.9078082
794,1.0100749
13873,1.0029492
8920,0.99389684
1831,0.89406073
5884,0.90789294
7757,0.8995098
748,1.001188
3537,0.8915458
4921,0.9057126
6787,0.9878596
1190,1.026672
1741,0.90361667
8893,0.8937261
6858,0.8870195
3171,1.0124209
5280,0.9020245
3204,1.0233186
13918,0.90747356
13878,1.0153549
12788,0.9015211
1561,1.0216422
12342,1.016193
12605,1.013259
14199,0.90235937
4532,0.9115807
2578,1.0195463
2950,0.8969947
10082,0.9107424
11854,0.87444496
12658,1.0120016
2973,1.0057143
14573,0.90118635
1700,0.9036168
9774,0.9086466
12805,0.8981677
7898,0.91619134
653,1.0046257
7668,1.0199655
12692,1.0174505
8847,1.0270911
4197,0.9019402
6206,0.9090657
14177,0.8935572
6185,0.88316286
3041,0.9978347
3370,1.0129243
958,1.0224805
5599,0.88400114
8724,0.89909065
8966,0.9996804
8760,0.9036168
6025,0.88693523
14125,0.8998443
5224,0.8999289
11084,1.0213073
6256,0.8935572
507,0.89732933
779,1.0203846
10393,1.0195463
886,0.89037275
6156,0.8981677
6345,0.8916303
330,1.0158585
3511,1.0107441
9673,0.90697
8359,1.0136782
12543,0.8699187
6174,0.89003825
9336,1.0140973
7727,0.90361667
12271,0.91116154
5407,0.90697014
5895,0.9048743
6446,0.9040358
11811,1.016193
13110,0.9019402
6681,0.8886117
2444,1.0140973
3956,0.9916322
11879,0.89322245
1918,0.9078083
11009,0.91116154
9305,1.0074755
5047,0.9044552
4678,0.9016055
15092,0.90738904
13477,0.912838
7949,0.90152097
14302,1.0033684
14018,1.029606
8257,0.91619134
10760,0.909485
7578,0.8977486
9418,0.90822744
4647,0.92247856
10054,1.0213073
13301,0.8937261
3256,1.0245762
14889,0.90026367
12286,0.87821734
13926,0.886935
2677,0.899006
13562,1.0162777
716,0.8948145
6053,0.90244377
8900,0.90244377
8584,0.90948486
3884,0.9007672
2359,1.0275103
13634,0.90152097
14123,0.9065509
6633,1.0157739
4860,0.9036168
3039,0.8928032
13073,0.99448156
3315,0.9048741
7218,1.0042067
2422,1.0136782
10096,0.8999288
1670,0.9979193
786,0.8915458
9970,0.89615655
972,0.9027784
4441,0.87645626
7946,0.88693523
9529,0.9115807
619,1.0037875
13723,0.90738916
10720,0.9024439
13595,0.9975002
11880,0.8928032
11329,0.9066353
10582,0.9057126
2976,1.0066371
4787,0.9995115
11157,0.9019402
11173,0.88726985
12656,0.91325736
148,0.9115807
7813,0.8798096
11118,0.90026355
8657,1.0208038
4711,0.9027784
4688,0.9986732
9925,0.9090656
14197,0.89624095
8446,0.8981677
9859,0.8836664
10035,0.9090657
3352,1.0006845
3952,0.8848393
2269,0.8969947
1480,0.91116154
6332,0.89825225
9894,0.9132575
9732,0.8998444
1065,1.0103251
3975,1.0249953
8696,0.89657557
8416,0.9045396
7262,0.9920511
10264,1.0199655
6827,0.9145148
2382,1.0149356
12337,0.8969102
11461,0.9136764
47,0.8868507
8250,0.88936543
11776,0.89406073
6379,0.9019402
8393,0.9087311
2380,0.91619134
7819,0.89355695
5142,1.0146011
9694,0.90445507
9276,0.87436056
6955,0.89406073
5385,0.9094851
10304,0.8924686
9334,1.0104094
3728,1.0141819
3443,0.8920493
9698,0.8928033
9648,1.0050449
12332,0.90361667
13072,0.90034807
6195,0.89322245
9992,0.89615655
11536,0.8907075
14281,1.0066371
7891,0.8836664
2129,0.9090657
6981,0.90026355
6549,0.9015211
5378,0.8935572
10019,1.0037031
3399,0.8661463
62,1.0032839
14415,1.0258335
110,0.9828298
3671,0.8923842
1718,1.0233189
3091,1.0120016
8826,0.909485
7308,1.0287677
8063,0.91241896
11402,1.0171158
974,0.87729454
9210,0.8889463
1258,1.0220611
9343,0.9082273
10654,1.0042067
13522,1.0099058
479,0.8978332
11369,0.9136764
1158,1.0049605
12010,1.0016073
9103,1.0287678
8422,0.8974141
9017,0.8877734
13432,0.9036168
2429,0.8605318
9840,0.87259936
5988,0.9078083
6568,1.0120018
2617,0.89615655
9208,1.0149356
12939,1.014601
4652,0.90445507
477,0.9907937
4089,1.0120015
8151,1.0121707
3247,0.8990905
691,0.89238405
4697,0.8956528
3131,0.90529335
13865,0.99498534
7583,1.0129243
11489,1.0108287
5499,0.8766252
8792,0.90697
2732,1.0094867
14535,1.0133435
11791,1.0094867
13482,0.8839165
13380,0.92205954
7811,0.91619146
4685,1.0228996
4871,0.89741397
1625,0.89657557
14766,0.9057125
3316,1.002111
14082,0.89942515
5332,0.91325736
4870,1.0132589
3545,0.89523363
4035,0.88349736
12912,0.8874388
6824,1.0275104
1523,0.9103234
7223,0.8848393
4989,0.89146125
14736,0.9170295
12723,1.0104095
3861,0.9132575
4009,0.89531827
6594,0.90445507
3817,0.8928877
13913,0.9069699
13289,0.8999288
6574,0.91451466
7197,0.98710585
1875,1.0333785
134,0.89406073
31,1.0032839
3272,0.89741397
10895,0.86027837
2545,0.890623
6199,0.90529335
12335,1.0150201
5723,0.9027784
1159,0.90034807
2680,0.9107423
11647,0.88819265
9236,0.8803978
11270,1.0182889
7261,0.9065509
6405,0.909485
8988,1.0091519
12454,0.8903729
4527,1.0016073
525,0.909904
9223,0.90235925
11041,0.89732945
12192,0.89322233
8387,1.0146855
3879,0.9086466
7301,0.89439535
1368,0.88022876
9464,1.0028648
13279,0.90152097
12268,0.9090657
3282,0.89909065
12632,0.9115807
11667,0.9115807
9478,0.9986732
4758,0.9086466
13102,0.89825225
10551,0.9907937
12377,0.8998443
11269,0.9877752
9919,1.0283486
10212,1.001188
9190,0.9065509
13888,1.0149357
11211,1.0149356
5718,1.0130088
13866,0.91032326
588,0.90655077
629,1.0061334
11314,0.9065509
2194,1.0258337
3155,1.0003498
3488,1.0275103
6696,0.9006828
11633,0.8895345
2044,0.88123596
7092,0.8935572
6804,1.0329593
1849,0.9154377
13979,0.90152097
3083,1.0287677
9814,0.9995115
3372,1.0108287
10942,0.8877734
4672,0.90235925
3199,1.0128399
3077,1.0057987
10327,1.0342166
517,0.8937261
326,0.9986732
12298,1.0224805
7979,1.029606
1512,1.0041224
14014,1.0296059
14843,1.01284
9263,0.88693523
14091,0.90034807
2704,0.97998023
1105,0.909904
6580,0.8878579
4876,0.89615655
559,0.91116154
11985,0.90328205
5700,0.90948486
4015,0.89003825
3944,0.8745295
2430,0.9015211
351,0.8889463
14441,0.9086466
13405,0.9036168
905,1.0224806
10849,0.9065509
11138,1.0279295
7993,0.899006
7702,0.87704456
11876,0.8907075
11464,0.8806478
1595,1.0115824
7379,1.0049604
4451,0.9078083
14799,0.89732945
15074,1.0228996
8930,1.0133436
13362,0.9007672
10049,0.88869643
12859,1.029606
2579,1.0208038
8467,1.0154393
11775,1.0220611
1633,1.0195464
3196,0.9136765
13338,0.8903729
754,1.0107441
12961,0.89615655
5820,0.8977486
52,1.0220612
13277,1.0158584
4339,0.9048742
15046,0.90118635
7743,1.0188771
4018,0.9078083
1179,0.9986732
14713,1.0042068
4259,1.0258337
8576,0.91535306
5438,0.90118635
1269,0.8924686
11094,0.9999306
6529,0.8977486
8456,0.89523363
12686,0.88492393
13805,0.90026355
4201,0.8889463
14639,0.90026355
2542,0.9978347
13310,0.89322233
11595,1.0115826
11846,0.9107423
4337,1.0287677
13098,0.9078082
7173,0.9078083
734,0.9011018
5165,1.0204692
4636,0.9057126
11336,0.99506986
4706,1.0245762
5023,1.0063024
2366,1.0083137
9344,0.89238405
14354,0.8999289
14386,0.8977486
13750,1.0237379
6177,1.0199654
6353,1.0237379
10736,0.9044552
14558,0.9149339
7787,1.0112478
12995,0.9995959
4405,0.91032326
10366,0.8915459
7082,0.9049586
8000,0.88400114
5753,1.0071408
6997,0.89531815
3273,0.90328205
6483,0.8977486
12959,0.9132575
1742,0.9945662
4466,1.0178698
2607,0.9086466
2733,1.0042068
7847,1.0125052
12428,0.89238405
8049,1.0308634
5706,0.89406073
11045,1.0024456
9446,1.0128398
1178,1.0270911
11695,1.0249953
11129,0.9069699
8252,0.90529335
6255,0.90026355
383,0.89020395
14777,0.90948486
5865,0.8889463
9471,0.9036168
9061,0.89498365
3987,0.9145148
10733,0.90822744
1138,0.8836664
5709,1.0146009
7505,0.9136765
315,1.0224804
5650,1.0128398
7178,0.90152097
3365,0.8895345
4673,0.89741397
9004,0.90026355
1798,1.0153548
6271,0.89229965
11662,0.89028835
439,0.8958219
1647,0.90445507
8094,0.8928032
1268,0.88349736
8268,0.90822744
9337,1.018708
13113,1.0162776
3767,1.0262529
6887,0.88869643
13086,0.90613174
2334,1.0128399
4493,0.90361667
5702,1.0045414
5496,0.8999288
5379,0.9816568
10679,0.8969103
5927,1.0082291
4164,0.9036168
1655,1.009152
10042,0.90445507
385,0.87117624
8553,0.90948486
9116,1.0063024
12499,0.9040358
9836,0.90915024
1364,1.0128399
949,0.9006827
3385,0.89229953
704,0.97998023
7514,0.9048742
2462,0.8836664
5014,0.8978332
2295,0.90948486
10386,1.0121707
4717,0.89909065
9425,0.8987559
3681,1.0124208
10332,0.90822744
9489,0.867823
3408,0.9048741
2625,0.9002634
13665,0.91032326
1838,0.9086467
5355,0.8915458
4607,1.0245762
5923,0.90738916
4853,1.0104096
10436,1.0099903
6643,1.0088174
9511,0.87645626
4874,1.0187925
9432,0.90915024
2055,1.0125897
10491,0.8877734
10714,1.0067215
12284,0.8935571
8598,0.9975002
9447,0.899006
8929,1.017116
10918,1.0100747
12136,0.8874388
2700,0.8902885
13374,0.877548
7031,0.886935
14500,0.9086466
1640,1.0145165
5606,1.0175351
2509,0.8986714
78,0.8868507
8448,0.9111614
2109,0.90948486
9383,0.9044552
14026,0.90244365
12455,1.0125052
12775,0.8936416
7236,1.0137627
5148,0.879894
11057,1.0016073
7257,0.9078083
3802,0.88022876
12209,1.0233186
9130,0.9078083
950,0.8845892
5512,1.0213075
6961,1.0220613
1881,0.8944799
199,0.90948486
74,1.0228996
12115,1.0002654
10748,0.87444496
660,0.9145148
2461,0.9045396
9271,0.8937261
13341,1.0304445
15025,1.0078101
11759,0.8915459
5328,0.90822744
6109,0.9107423
2353,1.0175351
1727,0.90948486
8002,0.8999289
12266,1.0233189
7593,1.0136782
11725,0.90152097
5793,0.9145148
9762,0.91912544
3442,0.8720145
1834,1.0233186
11819,0.90110195
5270,0.9978349
3716,0.9111614
12749,0.89942527
10686,1.0136781
12365,0.9048741
3252,0.90906584
762,0.88726974
410,1.0145165
5694,0.8977486
14009,0.9057125
10198,0.8915458
11952,0.90738916
9607,1.0224804
5275,0.9090657
13872,0.8969948
7760,0.902863
14132,1.0166968
13661,0.8916304
7585,0.8999288
10648,0.90361667
8864,0.90738916
2780,0.89196503
15054,1.0245762
6376,0.9086466
14733,0.9795611
4085,0.91241884
7894,0.91493404
8274,0.909904
4934,0.90235925
12833,0.90235925
3433,0.9086466
9564,0.91032326
1820,1.0087329
14190,1.0161933
13518,0.87939036
897,0.9031975
8984,1.0129243
12896,0.9057126
13713,1.0141819
3423,0.89615655
9461,0.8995098
4642,0.9007672
1917,1.021223
10774,0.90613174
8339,0.899006
917,0.8935571
2350,0.90789294
12682,1.0228996
10963,0.90235925
11476,0.8787211
11155,1.0032837
14988,0.9877752
6920,0.8986714
8460,0.9975002
9293,1.032121
13709,0.9086466
335,0.9978348
13895,0.8720145
12688,0.8977486
10044,1.0042067
7634,0.99448156
9503,0.90697
12529,0.91032326
13461,0.9149339
8989,0.9069699
8712,0.8956529
4990,0.90697
4619,0.9078083
3727,0.9061316
12968,0.9028629
10375,0.99531996
12316,0.8999288
14693,0.9857639
14157,0.88492393
1810,1.0125053
2130,0.9006828
3780,1.0121707
3439,0.8916302
4621,1.029187
6624,0.8974985
6243,1.0228997
6007,0.9090657
3653,0.9006827
5114,0.8945645
14004,0.8902885
3599,1.0129244
2569,0.9091501
6799,1.0125052
12969,0.86027837
14802,1.0137628
1055,0.91912544
9274,0.89540267
9676,0.91116154
13238,0.90822744
13681,0.91325724
13472,0.90613174
9347,1.0145165
2159,0.9031975
14984,0.90319765
1648,0.89229953
7785,1.0108287
576,1.0333785
7067,0.9170295
6638,1.0166968
367,1.013259
14121,1.013259
2412,0.8895345
5777,0.91158056
10357,0.89950967
8670,0.90202475
14603,1.0120015
4225,0.91409564
6301,1.0166123
9900,1.0074755
8445,0.89942527
12352,0.90789294
6326,1.0112476
10247,0.90613174
12789,0.89816785
2009,0.85835147
824,0.89741397
4916,0.89330685
8273,1.0199654
5143,0.8970792
285,1.0003498
14453,0.8895346
5186,0.9061316
5163,0.89741397
6735,0.9187063
8918,1.0016073
12729,0.9007672
10871,0.8969947
3718,0.9057125
5545,0.90034795
2211,0.90537786
10979,0.8860123
9171,0.89330685
7312,0.8978331
10823,1.032121
11310,0.8986714
7839,0.9027785
4210,0.9166105
14831,0.90990424
14704,0.91032326
9215,1.0133436
3306,0.9040358
4258,0.890623
11177,0.8998443
18,0.8969103
332,0.9048742
2590,0.90655077
3201,1.0208038
8925,0.8891156
464,1.0071408
13501,0.9090657
6977,0.9031975
7057,1.0140973
1935,0.88995373
12424,1.0283486
2874,0.9128381
624,0.9115807
3773,1.0112479
10777,1.0191271
1312,0.91912544
992,0.8974141
13478,0.8969103
5261,0.8995098
10630,1.0233189
13393,0.91535306
9792,0.90529335
1616,0.9069699
7402,0.9187062
725,1.0249954
3313,1.018708
14398,0.8903729
1366,0.8977486
14085,0.8661463
6404,0.9086468
6482,0.8987559
10207,1.0003498
12401,1.0199655
1631,1.0233188
12024,0.874614
11136,1.0120015
14870,0.9107423
1565,0.89942527
8487,1.0291868
3493,1.0008533
5170,0.8918804
13075,1.0092366
15053,0.9074737
8618,0.89020395
5610,1.0066371
6017,0.87939036
1854,1.0249953
6315,1.0016073
12533,0.90445507
89,0.97998023
9897,1.0036185
11810,1.0233186
7266,0.8877734
3785,0.9978348
7751,1.0074753
7488,0.8965757
14553,0.9048742
13116,0.89816785
4518,1.0057988
11634,1.0304445
13239,0.8943955
13921,0.9078083
5554,1.0128398
10706,0.90361667
5646,0.89028835
2885,0.92205954
8585,1.0037875
13346,0.890623
1703,1.0133436
13106,0.8745295
1237,0.89615655
14792,0.90697
5664,0.8903729
5068,1.0003498
12460,1.0203848
9351,1.0099058
2425,1.000015
12683,0.89322245
4842,1.0003498
139,1.0137628
275,0.8886117
1564,1.0224804
7394,1.0107441
7919,0.90738916
5769,0.9907937
7542,0.9082273
7421,1.0280141
10799,1.0052952
5854,0.89406073
9948,0.9065509
3002,0.9040358
5632,0.8943955
6658,0.8928033
13046,0.8998443
9638,0.90118635
1894,0.99121296
10627,1.0270911
9982,0.90822744
790,0.9007672
7526,1.0291868
2210,1.0074754
8496,0.87821734
1846,0.91619146
2764,0.8803977
194,0.893307
9767,0.8785521
6153,0.8939762
12462,0.8895345
9589,0.9045396
11332,0.90034807
6,0.8944799
10548,0.899006
11856,1.0073909
1394,1.0108287
4859,0.91116154
14266,1.0146855
2593,0.90915024
7296,0.89531827
2094,0.9107423
5896,0.90948486
11563,0.90613174
798,0.8849238
11323,0.8877734
12124,1.0287677
4094,0.9057127
8661,1.0125053
3990,0.9041203
7081,1.0228996
12025,0.90235925
107,0.9090657
6495,1.009152
8740,0.9065509
2884,1.0154394
13465,1.0111635
3440,0.90697
7023,0.89649117
6137,0.90697
7927,0.90235937
3705,0.90529335
548,0.8849238
8550,1.0140973
8829,0.9016055
674,0.87444496
2147,1.029187
1362,1.0212231
14895,0.90738904
8423,0.8903729
8205,0.90655077
11346,0.99825406
14683,0.8995098
4006,0.9086466
13524,0.90822744
9555,0.88819265
9576,0.90529346
11781,1.0109133
4212,0.88995373
12367,0.88903093
3387,1.0104096
8196,0.89741385
8219,0.89657557
11339,0.8937261
4321,0.88224006
8836,0.91535306
11496,0.9119998
14114,1.0141819
6894,0.91116154
10345,0.9078083
14971,1.007979
14110,0.8936416
14222,0.90822744
1562,0.89406073
1554,0.89732933
6242,0.9090657
8841,0.9086467
10339,1.0279294
12858,0.90948486
14716,1.0229839
7349,0.90738916
4093,1.0116669
10805,0.8803977
10308,1.0050449
10045,0.90655077
7377,0.9972501
13037,0.89322245
13729,0.9065509
13383,0.8824935
7292,1.014601
8105,0.89406073
2761,1.0208038
6726,0.9019401
3232,0.8803978
12622,0.9090657
8332,1.029606
6895,1.0154393
7413,0.90529346
4563,0.9078083
12014,0.9915476
9226,0.89950967
12453,1.0030336
11178,0.8857621
14076,1.0136782
9352,0.8969947
8594,1.0120015
8104,1.0149356
13426,0.91116154
11992,1.0220612
14669,0.8836664
9989,0.9036168
8048,1.002111
8011,1.0153549
13360,0.89825225
14584,0.9078084
6166,0.89439535
441,1.0124208
2501,0.9078083
6927,1.0262529
11976,1.015774
5679,1.0008533
5730,1.0057988
11040,1.0208038
14663,0.99129736
12249,0.9866867
340,1.0129243
7674,1.0154394
12181,1.0099902
11217,1.0145165
10086,1.0213075
14099,0.91116154
10510,0.9028629
6368,1.0182889
11783,0.878721
7893,0.9006827
14752,0.89732945
6063,0.9065509
8330,1.0125052
13496,0.92247856
4475,0.874614
13521,0.90445507
6240,0.98534477
10261,1.0175352
9377,0.8577633
5350,0.9086466
11047,0.88810825
8583,1.0140973
557,0.8919649
8551,0.9019401
13136,1.0220613
11804,0.9078084
10696,1.0166123
11677,0.9007672
1049,0.87436056
9759,0.8899536
8162,0.9031975
384,1.0188771
10711,1.013259
10227,0.8998443
7135,0.89531815
15052,0.90235925
9313,1.0287677
13658,0.88224006
1596,0.89246845
6674,1.0182889
10114,1.0096557
13689,1.0020263
1945,1.0125052
10245,1.0120016
144,0.8945644
2460,0.9040359
15001,0.8895347
14839,0.98710585
9876,0.8903729
9601,1.0125053
6150,1.013259
11171,0.9078082
11043,0.8965757
8738,0.89732945
12665,0.92499363
1925,0.9057126
3264,0.8798095
13312,0.9074737
14717,1.0124208
2887,1.0071406
1447,0.8769599
3179,1.0104094
9604,0.909904
10172,1.0028646
694,1.0112479
9766,1.0191272
4515,0.9115807
8304,0.8948146
6821,0.99029005
8141,0.90697
10959,1.0047102
8279,1.0045413
11844,1.018708
14217,1.0049605
13847,1.0125897
8873,1.0258336
3068,1.0182889
12593,0.85835147
1020,0.9907093
8977,0.89615643
8145,0.8956528
8733,0.9111614
9412,0.8998443
5524,0.8936416
13372,0.89833677
8025,0.90110195
14325,0.9016055
11899,0.88810825
10905,1.0149357
1095,0.90822744
3750,1.0178697
237,0.9107423
2840,0.8935571
13065,0.8907075
710,0.8895346
55,0.9086466
13732,0.89406073
14237,0.8895345
3999,0.9086467
1877,1.0078946
11207,0.90244377
164,1.0036185
12071,0.9023595
5448,1.0112479
12997,1.0132592
14423,0.9907937
3448,0.9107425
8490,0.8960719
5566,1.0216421
2792,1.0157739
7710,1.015774
3949,0.8981677
190,0.8902885
9789,1.0046258
13252,1.0166123
1274,1.0233189
9733,1.0145165
9088,0.8897848
2942,0.8857621
12762,1.0099903
9879,0.9115807
11818,0.8943955
7074,0.99414706
5049,0.87914026
14788,0.89825225
7849,1.0103248
6989,0.8999288
7108,0.8937261
3628,0.909904
14151,1.0146011
6838,1.0146855
5368,1.0007689
3073,1.0275103
3244,0.8969103
12412,1.013259
14346,0.9048742
13890,0.9078928
9419,0.8928033
11954,1.006218
11706,0.9070544
15069,0.90822744
12211,1.0145165
6967,0.91325724
3889,1.0099903
6006,0.8977486
12827,0.99121296
8215,1.0182889
11367,1.0149356
9222,0.9082273
3610,0.99498534
12080,1.015774
11135,0.91619134
8727,0.9036168
230,1.0195464
236,1.0280141
13957,0.89741397
5232,0.91325724
9811,0.9987576
3564,0.9019402
789,0.88995373
8602,0.89523375
11617,0.87821734
9224,0.8889463
686,1.0120015
13655,0.909485
3328,1.0283486
6061,0.8798096
1321,1.0150201
14891,0.89397633
3828,0.8577633
11108,0.8898691
13332,0.91325736
14327,0.8898691
8688,0.90697
12935,1.0275103
12824,0.9920511
4594,0.8999288
1778,1.023319
4830,0.9036168
7521,1.0258336
534,0.886516
13800,0.90529346
3053,1.0258336
14509,0.89397633
4167,0.9103234
11090,0.9086466
8973,0.8957373
4344,1.0145165
11643,1.017116
2970,0.9016055
8400,0.9978348
11548,0.9070544
11926,0.9040359
7868,0.90118635
14813,0.8916303
553,1.0191272
9937,0.88584673
14048,0.867823
13361,0.9153532
12294,0.9019402
6187,0.91493404
14566,0.88609684
14248,0.9006828
12299,1.0275103
7725,0.9011017
2706,1.0042068
6543,1.015774
14760,1.0071408
9978,0.897833
4553,1.005045
2657,0.88123596
4361,0.90529335
1998,0.8915459
1897,1.0296059
5547,0.9078083
5837,0.9995115
13766,0.9019401
14342,0.909904
1789,1.0071408
5857,0.8918805
8840,1.0279293
8089,0.9828298
11228,0.99909234
12768,1.0107441
8060,0.90537786
3815,1.0074753
4965,1.0108286
5171,1.0203847
9142,1.0129243
11723,1.0195466
7466,0.89825225
8358,0.8928032
14525,1.0224804
8293,0.87436056
130,0.88693523
6717,1.0182889
7972,0.9006827
13148,0.89615643
13159,0.90529335
5759,1.0108287
6728,0.8936415
9158,0.8877734
5658,0.9907093
13575,0.88115144
4709,0.99129736
10975,1.013259
8536,1.0041221
3206,1.0224804
6110,0.89322245
5121,0.90034807
14826,0.88819253
4200,0.9020245
10414,1.0178698
15021,0.8849238
12420,0.90319765
176,0.8839165
8939,1.0112476
13402,0.9040358
5717,0.8969947
15008,0.9074737
12927,0.90822744
9123,0.8886118
13268,1.0258336
6878,0.8915458
6592,0.8906231
6097,1.0087329
14395,0.97998023
11077,0.89322233
103,0.90747356
2849,1.0262529
6988,0.90948486
13293,0.9145148
11038,0.90822744
13923,0.90445495
6170,1.0300251
12188,1.0066371
11227,0.9987577
9822,0.8827436
4303,0.8895346
5098,0.9057125
3341,0.8839165
9356,0.89238405
8275,0.90152097
11140,1.0162777
9986,1.0291868
11971,1.014601
9084,1.0091519
14195,1.0108287
5528,0.90026355
3771,1.0129243
1686,1.0275103
7219,0.92122126
1830,1.0115824
13385,1.0124209
8890,1.0245762
3242,0.9107423
9778,1.0062178
10638,1.0162777
12263,1.0329593
12491,0.88316274
3712,0.9907937
12741,0.9048743
7762,0.91032326
4042,0.90202475
4674,0.8978332
14623,0.8876891
4770,0.9016055
14744,0.9074737
13125,0.91619146
8111,0.9078083
13566,0.86530817
12028,0.8956531
10571,1.0071406
4650,0.89003825
12082,0.9086466
7957,0.90915024
9496,1.0078945
10576,1.018708
3694,0.9048742
9378,1.0199655
1939,0.8986715
7527,1.0149356
6722,0.9024439
8441,1.0070561
3438,1.0115824
11741,1.0111635
7832,1.0141819
2651,1.0069718
6851,1.0103251
11351,0.9020246
8396,0.90244377
12556,1.0199654
14680,0.8995098
12334,0.90906584
5643,0.9099885
4638,0.8969103
1968,0.90152097
7291,1.018708
9932,0.90915024
3835,0.9119998
14929,1.0237379
6940,1.0270914
1873,1.0233186
4240,1.0115824
7428,1.0161933
11036,0.89531815
3840,0.8935571
8936,1.0003498
9168,0.90026355
12638,0.8945644
6163,0.87117624
541,0.8935572
11125,0.9998462
7728,0.88986933
4987,0.89615655
5456,1.0283486
17,0.8969948
6829,0.90034807
12145,0.9069699
3943,1.0329593
8869,0.9978349
3059,1.0057988
3921,0.8886118
12371,1.0224806
6845,1.0133436
2902,0.9107424
4440,0.8923842
